year,make,model,cda,cda_on_m,ids
1998,audi,a4,6.35,0.0039998153282113,"[14165, 14166, 14167, 14168, 14169, 14170, 14171, 14172, 14407, 14408, 14409]"
1999,audi,a4,6.35,0.0038618906617213,"[14944, 14945, 14946, 14947, 14948, 14949, 14950, 14951, 15204, 15205, 15206, 15207]"
2000,audi,a4,6.35,0.0041479566366636,"[15742, 15743, 15744, 15745, 15746, 15747, 15748, 15749, 16010, 16011, 16012, 16013, 16014]"
2001,audi,a4,6.35,0.0041479566366636,"[16574, 16575, 16576, 16577, 16578, 16579, 16580, 16870, 16871, 16872, 16873]"
1998,audi,a6,6.67,0.0034599606794661,"[14279, 14280, 14410]"
1999,audi,a6,6.67,0.0037947955839306,"[15071, 15072, 15227]"
2000,audi,a6,6.67,0.0037947955839306,"[15873, 15874, 15875, 15876, 15877, 15878, 16033]"
2001,audi,a6,6.67,0.0036762082219328,"[16736, 16737, 16738, 16739, 16740, 16897]"
2002,audi,a6,6.67,0.0037947955839306,"[17666, 17667, 17668, 17669, 17670, 17834]"
2003,audi,a6,6.67,0.0037947955839306,"[18631, 18632, 18633, 18634, 18635, 18797]"
2004,audi,a6,6.67,0.0034599606794661,"[19713, 19714, 19715, 19716, 19717, 19910]"
1998,audi,a8,6.78,0.0035170215002669,"[14281, 14282]"
1999,audi,a8,6.78,0.0035170215002669,"[15073, 15074]"
2000,audi,a8,6.78,0.0033216314169188,"[15879, 15981]"
2001,audi,a8,6.78,0.0033216314169188,"[16741, 16838]"
2002,audi,a8,6.78,0.0033216314169188,"[17671, 17768]"
1998,audi,tt,7.28,0.0041418458547249,"[14169, 14170, 14171, 14172, 14280, 14408, 14409, 14410]"
1999,audi,tt,7.28,0.0037763888675433,"[14948, 14949, 14950, 14951, 15072, 15074, 15204, 15205, 15206, 15207, 15227]"
2000,audi,tt,7.28,0.0049383546729412,"[15626, 15627, 15746, 15747, 15748, 15749, 15874, 15875, 15876, 15877, 15878, 15879, 16011, 16012, 16013, 16014, 16033]"
2001,audi,tt,7.28,0.0049383546729412,"[16427, 16428, 16466, 16467, 16468, 16577, 16578, 16579, 16580, 16737, 16738, 16739, 16740, 16741, 16742, 16870, 16871, 16872, 16873, 16897]"
2002,audi,tt,7.28,0.0045856150534454,"[17335, 17336, 17378, 17379, 17380, 17493, 17494, 17495, 17496, 17667, 17668, 17669, 17670, 17671, 17672, 17800, 17801, 17802, 17803, 17834]"
2003,audi,tt,7.28,0.0045856150534454,"[18295, 18296, 18347, 18348, 18463, 18464, 18465, 18466, 18632, 18633, 18634, 18635, 18756, 18757, 18758, 18759, 18797, 19119, 19120]"
2004,audi,tt,7.28,0.0045856150534454,"[19334, 19335, 19336, 19392, 19393, 19394, 19450, 19532, 19533, 19534, 19535, 19714, 19715, 19716, 19717, 19870, 19871, 19872, 19873, 19910, 20244, 20245, 20246]"
2005,audi,tt,7.28,0.0040124131717647,"[20453, 20454, 20455, 20513, 20514, 20515, 20589, 20662, 20663, 20664, 20665, 20998, 20999, 21000, 21001, 21352, 21353, 21354, 21552, 21553, 21554, 21559, 21561, 21562, 21563]"
2006,audi,tt,7.28,0.00442749039643,"[21615, 21616, 21617, 21668, 21669, 21670, 21710, 21786, 21787, 21788, 21789, 21918, 21919, 22092, 22093, 22094, 22095, 22135, 22651]"
2006,audi,tt,6.75,0.0041051593648218,"[21615, 21616, 21617, 21668, 21669, 21670, 21710, 21786, 21787, 21788, 21789, 21918, 21919, 22092, 22093, 22094, 22095, 22135, 22651]"
2007,audi,tt,6.75,0.0041051593648218,"[23121, 23122, 23165, 23166, 23167, 23168, 23236, 23237, 23308, 23309, 23310, 23311, 23328, 23617]"
2008,audi,tt,6.75,0.0041051593648218,"[23992, 23993, 23994, 24003, 24004, 24005, 24068, 24246, 24247, 24279, 24280, 24281, 24282, 24350, 24351, 24429, 24430, 24431, 24432, 24453, 25140, 25142]"
2009,audi,tt,6.75,0.0041051593648218,"[25199, 25222, 25299, 25384, 25403, 25404, 25405, 25431, 25782, 25783, 25828, 25829, 25834, 25835, 25896, 25897, 25948, 26013, 26014, 26541, 26552]"
2001,chrysler,pt,9.51,0.0059902746096519,"[17117, 17118]"
2002,chrysler,pt,9.51,0.0057837134162156,"[18058, 18059]"
2003,chrysler,pt,9.51,0.0057997126234527,"[19035, 19036, 19037, 19038]"
2004,chrysler,pt,9.51,0.0059902746096519,"[20164, 20165, 20166, 20167]"
2005,chrysler,pt,9.51,0.0059902746096519,"[21269, 21270, 21271, 21272, 21273, 21274, 21275, 21276]"
2006,chrysler,pt,9.51,0.0057837134162156,"[22370, 22371, 22372, 22373, 22374, 22375, 22376, 22377]"
2000,chrysler,sebring,6.65,0.0039095307827451,"[15769, 15770, 15771]"
2000,chrysler,sebring,7.85,0.0046150100217367,"[15769, 15770, 15771]"
1998,ford,escort,6.67,0.005347211959175,"[14081, 14082, 14214, 14215, 14415, 14416]"
1999,ford,escort,6.67,0.0051147244826891,"[14862, 14863, 14988, 14989, 15213, 15214]"
2000,ford,escort,6.67,0.0051147244826891,"[15664, 15665, 15785, 15786]"
1998,ford,escort,7.14,0.0057240020072728,"[14081, 14082, 14214, 14215, 14415, 14416]"
1999,ford,escort,7.14,0.0054751323547826,"[14862, 14863, 14988, 14989, 15213, 15214]"
2000,ford,escort,7.14,0.0054751323547826,"[15664, 15665, 15785, 15786]"
2001,ford,escort,7.14,0.0054751323547826,"[16506, 16507, 16628]"
2002,ford,escort,7.14,0.0054751323547826,"[17420, 17421, 17546]"
1998,ford,explorer,14.21,0.0069617083236602,"[14643, 14644, 14645, 14646, 14721, 14722, 14723, 14724]"
1999,ford,explorer,14.21,0.0078319218641177,"[15456, 15457, 15458, 15459, 15521, 15522, 15523, 15524]"
2000,ford,explorer,14.21,0.0078319218641177,"[16258, 16259, 16260, 16261, 16330, 16331, 16332, 16333, 16417]"
2001,ford,explorer,14.21,0.0078319218641177,"[16954, 16955, 17012, 17013, 17125, 17126, 17127, 17128, 17129, 17218, 17219, 17220, 17221, 17222, 17312, 17320, 17321, 17322, 17330]"
2001,ford,ranger,12.7,0.0082959132733272,"[16962, 16963, 16964, 16965, 16966, 16967, 16968, 16969, 17019, 17020, 17021, 17022, 17325, 30965]"
2002,ford,ranger,12.7,0.0082959132733272,"[17899, 17900, 17901, 17902, 17903, 17904, 17955, 17956, 17957, 17958, 18287]"
2003,ford,ranger,12.7,0.0082959132733272,"[18870, 18871, 18872, 18873, 18874, 18875, 18926, 18927, 18928, 18929, 19264]"
2004,ford,ranger,12.7,0.0082959132733272,"[19985, 19986, 19987, 19988, 19989, 19990, 19991, 20054, 20055, 20056, 20057]"
2005,ford,ranger,12.7,0.0082959132733272,"[21111, 21112, 21113, 21114, 21115, 21116, 21163, 21164, 21165, 21166]"
2006,ford,ranger,12.7,0.0082959132733272,"[22193, 22194, 22195, 22196, 22197, 22198, 22262, 22263, 22264, 22265]"
2007,ford,ranger,12.7,0.0077237813234426,"[22886, 22887, 22888, 22889, 22890, 22891, 22911, 22912, 22913, 22914]"
2008,ford,ranger,12.7,0.0074663219459945,"[24076, 24466, 24467, 24468, 24469, 24470, 24495, 24496, 24497, 24498]"
2009,ford,ranger,12.7,0.0074663219459945,"[26041, 26042, 26043, 26044, 26055, 26056]"
1998,ford,windstar,10.55,0.0058146921651261,"[14647, 14648, 14649, 14650]"
1998,honda,accord,7.41,0.0048403714453035,"[14313, 14314, 14315, 14316, 14317]"
1999,honda,accord,7.41,0.0048403714453035,"[15102, 15103, 15104, 15105, 15106]"
2000,honda,accord,7.41,0.0048403714453035,"[15904, 15905, 15906, 15907, 15908]"
2001,honda,accord,7.41,0.0048403714453035,"[16764, 16765, 16766, 16767, 16768]"
2002,honda,accord,7.41,0.0048403714453035,"[17691, 17692, 17693, 17694, 17695]"
2006,honda,civic,6.36,0.0044868479599866,"[21736, 21737, 22643, 22675, 23053]"
2007,honda,civic,6.36,0.0044868479599866,"[23502, 23503, 23504, 23533, 23862]"
2008,honda,civic,6.36,0.0044868479599866,"[24829, 25082, 25083, 25084, 25085]"
2009,honda,civic,6.36,0.0044868479599866,"[25868, 25869, 25870, 25921, 26250]"
1998,honda,civic,7.62,0.0061088088649046,"[14088, 14089, 14090, 14091, 14092, 14093, 14094]"
1999,honda,civic,7.62,0.0061088088649046,"[14868, 14869, 14870, 14871, 14872, 14873, 14874, 29170]"
2000,honda,civic,7.62,0.0061088088649046,"[15672, 15673, 15674, 15675, 15676, 15677, 15678, 16404]"
1998,honda,civic,6.85,0.0054915145307869,"[14088, 14089, 14090, 14091, 14092, 14093, 14094]"
1999,honda,civic,6.85,0.0054915145307869,"[14868, 14869, 14870, 14871, 14872, 14873, 14874, 29170]"
2000,honda,civic,6.85,0.0054915145307869,"[15672, 15673, 15674, 15675, 15676, 15677, 15678, 16404]"
2003,honda,civic,5.99,0.0045932833060431,"[18518, 18519, 18520, 18521, 18522, 18523, 18524, 18525, 18526, 19292, 19301, 19302]"
2004,honda,civic,5.99,0.0044018965016247,"[19581, 19582, 19583, 19584, 19585, 19586, 19587, 19588, 19589, 19590, 19591, 20406]"
2005,honda,civic,5.99,0.0044018965016247,"[20705, 20706, 20707, 20708, 20709, 20710, 20711, 20712, 20713, 20714, 20715, 21527]"
2005,honda,civic,5.9,0.0043357578229692,"[20705, 20706, 20707, 20708, 20709, 20710, 20711, 20712, 20713, 20714, 20715, 21527]"
2006,honda,civic,5.9,0.0041623275100504,"[21736, 21737, 22643, 22675, 23053]"
2007,honda,civic,5.9,0.0041623275100504,"[23502, 23503, 23504, 23533, 23862]"
2008,honda,civic,5.9,0.0041623275100504,"[24829, 25082, 25083, 25084, 25085]"
2009,honda,civic,5.9,0.0041623275100504,"[25868, 25869, 25870, 25921, 26250]"
1998,honda,civic,6.94,0.0055636658165929,"[14088, 14089, 14090, 14091, 14092, 14093, 14094]"
1999,honda,civic,6.94,0.0055636658165929,"[14868, 14869, 14870, 14871, 14872, 14873, 14874, 29170]"
2000,honda,civic,6.94,0.0055636658165929,"[15672, 15673, 15674, 15675, 15676, 15677, 15678, 16404]"
2000,honda,insight,5.0,0.0051873473455265,[15606]
2001,honda,insight,5.0,0.0051873473455265,"[16445, 16446, 16447]"
2002,honda,insight,5.0,0.0048991613818861,"[17354, 17355]"
2003,honda,insight,5.0,0.0048991613818861,"[18312, 18313]"
2004,honda,insight,5.0,0.0051873473455265,"[19356, 19357]"
2005,honda,insight,5.0,0.0048991613818861,"[20478, 20479]"
2006,honda,insight,5.0,0.0051873473455265,"[21631, 21632]"
2007,honda,fit,8.085,0.0061997822252686,"[22860, 22861, 22862]"
2008,honda,fit,8.085,0.0061997822252686,"[24920, 24921, 24922]"
1998,honda,prelude,6.43,0.0042002143580704,"[14095, 14096]"
1999,honda,prelude,6.43,0.0042002143580704,"[14875, 14876]"
2000,honda,prelude,6.43,0.0042002143580704,"[15679, 15680]"
2001,honda,prelude,6.43,0.0042002143580704,"[16515, 16516]"
2000,honda,s2000,6.47,0.0045644506762757,[15607]
2001,honda,s2000,6.47,0.0045644506762757,[16448]
2002,honda,s2000,6.47,0.0045644506762757,[17356]
2003,honda,s2000,6.47,0.0045644506762757,[18314]
2004,honda,s2000,6.47,0.0045644506762757,[19358]
2005,honda,s2000,6.47,0.0045644506762757,[20480]
2006,honda,s2000,6.47,0.0045644506762757,[21633]
2007,honda,s2000,6.47,0.0045644506762757,[23479]
2008,honda,s2000,6.47,0.0045644506762757,[24758]
2009,honda,s2000,6.47,0.0045644506762757,[25788]
1998,hyundai,accent,6.35,0.0053330871042818,"[14216, 14217]"
1999,hyundai,accent,6.35,0.0053330871042818,"[14877, 14878]"
1998,hyundai,elantra,6.82,0.0046263157787718,"[14218, 14219, 14417, 14418]"
1999,hyundai,elantra,6.82,0.0050118420936695,"[14990, 14991, 15215, 15216]"
2000,hyundai,elantra,6.82,0.0050118420936695,"[15793, 15794, 16023, 16024]"
2001,hyundai,elantra,7.29,0.0051429436522488,"[16641, 16642]"
2002,hyundai,elantra,7.29,0.0051429436522488,"[17561, 17562]"
2003,hyundai,elantra,7.29,0.0051429436522488,"[18531, 18532, 18533, 29227]"
2004,hyundai,elantra,7.29,0.0049451381271623,"[19596, 19597, 19751]"
2005,hyundai,elantra,7.29,0.0049451381271623,"[20871, 20872]"
2006,hyundai,elantra,7.29,0.0049451381271623,"[21964, 21965, 29244]"
2007,hyundai,elantra,7.34,0.0051782176141984,"[23572, 23573]"
2008,hyundai,elantra,7.34,0.0051782176141984,"[24852, 24853]"
2009,hyundai,elantra,7.34,0.0051782176141984,"[25491, 25492, 25533, 25534]"
2007,hyundai,elantra,7.71,0.0054392449326252,"[23572, 23573]"
2008,hyundai,elantra,7.71,0.0054392449326252,"[24852, 24853]"
2009,hyundai,elantra,7.71,0.0054392449326252,"[25491, 25492, 25533, 25534]"
1998,hyundai,elantra,7.3,0.0049519215813834,"[14218, 14219, 14417, 14418]"
1999,hyundai,elantra,7.3,0.0053645817131653,"[14990, 14991, 15215, 15216]"
2000,hyundai,elantra,7.3,0.0053645817131653,"[15793, 15794, 16023, 16024]"
2006,hyundai,sonata,7.53,0.0045795333358679,"[22058, 22059, 22060]"
2007,hyundai,sonata,7.53,0.0045795333358679,"[22843, 22844, 22845]"
2008,hyundai,sonata,7.53,0.0045795333358679,"[24056, 24057, 24058]"
2009,hyundai,sonata,7.53,0.0045795333358679,"[25286, 25287, 25288]"
2002,hyundai,tiburon,6.52,0.0044228121521396,"[17428, 17429, 17430, 17431]"
2003,hyundai,tiburon,6.52,0.0044228121521396,"[18414, 18415, 18416, 18417, 18418, 18419]"
2004,hyundai,tiburon,6.52,0.004259004294653,"[19476, 19477, 19478, 19479, 19480]"
2005,hyundai,tiburon,6.52,0.004259004294653,"[20612, 20613, 20614, 20615, 20616]"
2006,hyundai,tiburon,6.52,0.004259004294653,"[21738, 21739, 21740, 21741, 21742]"
2007,hyundai,tiburon,6.52,0.004259004294653,"[23867, 23868, 23869, 23870, 23871]"
2008,hyundai,tiburon,6.52,0.004259004294653,"[25086, 25087, 25088, 25089, 25090]"
1999,mazda,miata,6.68,0.005610239662457,"[14805, 14806, 29166]"
2000,mazda,miata,6.68,0.005355228768709,"[15609, 15610, 15611]"
2001,mazda,miata,6.68,0.005355228768709,"[16451, 16452, 16453]"
2002,mazda,miata,6.68,0.005355228768709,"[17361, 17362, 17363]"
2003,mazda,miata,6.68,0.005355228768709,"[18320, 18321, 18322]"
2004,mazda,miata,6.68,0.005355228768709,"[19366, 19367, 19368, 19369]"
2005,mazda,miata,6.68,0.005355228768709,"[20488, 20489, 20490, 20491]"
2004,mazda,rx-8,6.44,0.0042067465732462,"[19485, 19486]"
2005,mazda,rx-8,6.44,0.0042067465732462,"[20621, 20622]"
2006,mazda,rx-8,6.44,0.0042067465732462,"[21751, 21752]"
2007,mazda,rx-8,6.44,0.0042067465732462,"[23138, 23139]"
2008,mazda,rx-8,6.44,0.0042067465732462,"[24258, 24259]"
2009,mazda,rx-8,6.44,0.0042067465732462,"[25224, 25225]"
1998,mercedes,cl500,6.69,0.0029497850680336,[14240]
1999,mercedes,cl500,6.69,0.0029497850680336,[15018]
1998,mercedes,sl600,9.54,0.0044278104868289,[14005]
1999,mercedes,sl600,9.54,0.0044278104868289,[14808]
2000,mercedes,sl600,9.54,0.0044278104868289,[15613]
2001,mercedes,sl600,9.54,0.0044278104868289,[16455]
2002,mercedes,sl600,9.54,0.0044278104868289,[17365]
1998,mitsubishi,eclipse,5.92,0.0038670713841021,"[14020, 14021, 14022, 14023, 14110, 14111, 14112, 14113, 14114, 14115]"
1999,mitsubishi,eclipse,5.92,0.0038670713841021,"[14822, 14823, 14824, 14825, 14891, 14892, 14893, 14894, 14895, 14896]"
2000,mitsubishi,eclipse,7.14,0.0046640016355556,"[15689, 15690, 15691, 15692, 15693]"
2001,mitsubishi,eclipse,7.14,0.0044974301485715,"[16478, 16479, 16480, 16481, 16525, 16526, 16527, 16528, 16529]"
2002,mitsubishi,eclipse,7.14,0.0044974301485715,"[17390, 17391, 17392, 17393, 17442, 17443, 17444, 17445, 17446]"
2003,mitsubishi,eclipse,7.14,0.0044974301485715,"[18358, 18359, 18360, 18361, 18362, 18363, 18429, 18430, 18431, 18432, 18433, 18434, 18435, 18436]"
2004,mitsubishi,eclipse,7.14,0.0044974301485715,"[19409, 19410, 19411, 19412, 19413, 19414, 19493, 19494, 19495, 19496, 19497, 19498, 19499]"
2005,mitsubishi,eclipse,7.14,0.0044974301485715,"[20532, 20533, 20534, 20535, 20536, 20537, 20629, 20630, 20631, 20632, 20633, 20634, 20635]"
2002,mitsubishi,lancer,6.31,0.0048386673891707,"[17595, 17596, 17597, 17598]"
2003,mitsubishi,lancer,6.31,0.0048386673891707,"[18571, 18572, 18573, 18574, 18575]"
2004,mitsubishi,lancer,6.31,0.004451573998037,"[19633, 19634, 19635, 19636, 19637, 19885]"
2005,mitsubishi,lancer,6.31,0.004451573998037,"[20749, 20750, 20751, 20752, 20753, 20754, 21011]"
2006,mitsubishi,lancer,6.31,0.004451573998037,"[21838, 21839, 21840, 21841, 21842, 21843, 22682]"
2007,mitsubishi,lancer,6.31,0.004451573998037,"[23537, 23538]"
1998,nissan,200sx,6.9,0.0055315985784569,"[14120, 14121, 14122, 14123]"
1999,nissan,200sx,6.9,0.0055315985784569,"[14901, 14902, 14903, 14904]"
2003,nissan,350z,6.47,0.0039348712726514,"[18331, 18332]"
2004,nissan,350z,6.47,0.0039348712726514,"[19378, 19379, 19380, 19381]"
2005,nissan,350z,6.47,0.0039348712726514,"[20500, 20501, 20502, 20503, 20504]"
2006,nissan,350z,6.47,0.0038037088968964,"[21653, 21654, 21655, 21656]"
2007,nissan,350z,6.47,0.0039348712726514,"[23917, 23918, 23919, 23920]"
2008,nissan,350z,6.47,0.0039348712726514,"[24761, 24762, 24763, 24764]"
2009,nissan,350z,6.47,0.0036810086098997,"[25794, 25795]"
1998,nissan,altima,6.95,0.0045398895472145,"[14244, 14245]"
1999,nissan,altima,6.95,0.0045398895472145,"[15020, 15021]"
2000,nissan,altima,6.95,0.0045398895472145,"[15819, 15820]"
2001,nissan,altima,6.95,0.0045398895472145,"[16671, 16672]"
2002,nissan,altima,7.34,0.0047946459390725,"[17735, 17736, 17737, 17738]"
2003,nissan,altima,7.34,0.0047946459390725,"[18694, 18695, 18696, 18697]"
2004,nissan,altima,7.34,0.0047946459390725,"[19791, 19792, 19793, 19794]"
2005,nissan,altima,7.34,0.0047946459390725,"[20915, 20916, 20917, 20918, 20919]"
2006,nissan,altima,7.34,0.0047946459390725,"[21999, 22000, 22001, 22002, 22003]"
2007,nissan,altima,6.82,0.0042958646517167,"[23591, 23592, 23593, 23594, 23949]"
2008,nissan,altima,6.82,0.0042958646517167,"[24797, 24798, 24799, 24800, 24868, 24869, 24870, 24871, 24872]"
2009,nissan,altima,6.82,0.0042958646517167,"[25884, 25885, 25886, 25887, 25982, 25983, 25984, 25985, 25986]"
2014,nissan,altima,6.82,0.0042958646517167,"[34247, 34248]"
2015,nissan,altima,6.82,0.0042958646517167,"[35019, 35020]"
2018,nissan,altima,6.82,0.0042958646517167,"[39502, 39503, 39504]"
2021,nissan,altima,6.82,0.0041477313878644,"[43390, 43391, 43392, 43393, 43394, 43395]"
2007,nissan,altima,6.82,0.0042958646517167,"[23591, 23592, 23593, 23594, 23949]"
2008,nissan,altima,6.82,0.0042958646517167,"[24797, 24798, 24799, 24800, 24868, 24869, 24870, 24871, 24872]"
2009,nissan,altima,6.82,0.0042958646517167,"[25884, 25885, 25886, 25887, 25982, 25983, 25984, 25985, 25986]"
2014,nissan,altima,6.82,0.0042958646517167,"[34247, 34248]"
2015,nissan,altima,6.82,0.0042958646517167,"[35019, 35020]"
2018,nissan,altima,6.82,0.0042958646517167,"[39502, 39503, 39504]"
2021,nissan,altima,6.82,0.0041477313878644,"[43390, 43391, 43392, 43393, 43394, 43395]"
2007,nissan,altima,7.14,0.0044974301485715,"[23591, 23592, 23593, 23594, 23949]"
2008,nissan,altima,7.14,0.0044974301485715,"[24797, 24798, 24799, 24800, 24868, 24869, 24870, 24871, 24872]"
2009,nissan,altima,7.14,0.0044974301485715,"[25884, 25885, 25886, 25887, 25982, 25983, 25984, 25985, 25986]"
2014,nissan,altima,7.14,0.0044974301485715,"[34247, 34248]"
2015,nissan,altima,7.14,0.0044974301485715,"[35019, 35020]"
2018,nissan,altima,7.14,0.0044974301485715,"[39502, 39503, 39504]"
2021,nissan,altima,7.14,0.0043423463503448,"[43390, 43391, 43392, 43393, 43394, 43395]"
1998,nissan,maxima,7.2,0.0045352236792317,"[14340, 14341]"
1999,nissan,maxima,7.2,0.0045352236792317,"[15134, 15135]"
2003,nissan,murano,11.2,0.0058098290269897,"[19089, 19217]"
2004,nissan,murano,11.2,0.0058098290269897,"[20217, 20342]"
2005,nissan,murano,11.2,0.0058098290269897,"[21333, 21452]"
2006,nissan,murano,11.2,0.0054870607477125,"[22444, 22568]"
2007,nissan,murano,11.2,0.0054870607477125,"[23757, 23825]"
2009,nissan,murano,11.32,0.0055458506842951,"[25340, 25360]"
1998,nissan,sentra,6.74,0.0054033296259129,"[14120, 14121, 14122, 14123]"
1999,nissan,sentra,6.74,0.0054033296259129,"[14901, 14902, 14903, 14904]"
2000,nissan,sentra,6.93,0.0053140990502302,"[15821, 15822, 15823, 15824]"
2001,nissan,sentra,6.93,0.0053140990502302,"[16673, 16674, 16675, 16676]"
2002,nissan,sentra,6.93,0.0050926782564706,"[17599, 17600, 17601, 17602, 17603]"
2003,nissan,sentra,6.93,0.0050926782564706,"[18576, 18577, 18578, 18579, 18580]"
2004,nissan,sentra,6.93,0.0050926782564706,"[19638, 19639, 19640, 19641]"
2005,nissan,sentra,6.93,0.0050926782564706,"[20755, 20756, 20757, 20758]"
2006,nissan,sentra,6.93,0.0050926782564706,"[21844, 21845, 21846, 21847]"
2007,nissan,sentra,8.26,0.0056031331866064,"[23595, 23596, 23962, 23963]"
2008,nissan,sentra,8.26,0.0056031331866064,"[24874, 24875, 24876, 24877]"
2009,nissan,sentra,8.26,0.0053956097352506,"[26262, 26263, 26542, 26543, 26544]"
2014,nissan,sentra,8.26,0.0058272585140706,"[34612, 34613, 34614, 34615]"
2015,nissan,sentra,8.26,0.0058272585140706,"[35971, 35972, 35973]"
2016,nissan,sentra,8.26,0.0058272585140706,"[37194, 37195, 37196]"
2017,nissan,sentra,8.26,0.0058272585140706,"[38251, 38252, 38253, 38254, 38517, 38518]"
2020,nissan,sentra,8.26,0.0053956097352506,"[42472, 42473]"
2021,nissan,sentra,8.26,0.0053956097352506,"[43539, 43540]"
2007,nissan,versa,7.03,0.004959519050111,"[23273, 23274, 23275]"
2008,nissan,versa,7.03,0.004959519050111,"[24394, 24395, 24396]"
2009,nissan,versa,7.03,0.004959519050111,"[25506, 25507, 25508, 26545, 26546, 26547]"
2015,nissan,versa,7.03,0.0053907815762076,"[34884, 34885, 34886]"
2017,nissan,versa,7.03,0.0053907815762076,"[38055, 38056, 38057]"
1998,saab,9000,7.21,0.0043849183733874,"[14404, 14405]"
1999,toyota,camry,7.93,0.0048228020389684,"[15036, 15037, 15038, 15039, 15155, 15156, 15157, 15158, 29176]"
2000,toyota,camry,7.93,0.0049950449689316,"[15725, 15726, 15839, 15840, 15841, 15842, 15964, 15965, 15966, 15967, 16405]"
2001,toyota,camry,7.93,0.0049950449689316,"[16556, 16557, 16696, 16697, 16698, 16699, 16828, 16829, 16830, 16831, 17299]"
2002,toyota,camry,7.93,0.0046620419710028,"[17471, 17472, 17625, 17626, 17627, 17628, 17759, 17760, 17761]"
2003,toyota,camry,7.93,0.0049950449689316,"[18445, 18446, 18601, 18602, 18603, 18712, 18713, 18714, 19319]"
1998,toyota,celica,6.54,0.0042720687250047,"[14029, 14030, 14149, 14150]"
1999,toyota,celica,6.54,0.0046138342230051,"[14828, 14829, 14930, 14931]"
2000,toyota,celica,6.55,0.0050227054515163,"[15727, 15728, 15729, 15730]"
2001,toyota,celica,6.55,0.0050227054515163,"[16558, 16559, 16560, 16561]"
2002,toyota,celica,6.55,0.0050227054515163,"[17473, 17474, 17475, 17476]"
2003,toyota,celica,6.55,0.0050227054515163,"[18447, 18448, 18449, 18450]"
2004,toyota,celica,6.55,0.0050227054515163,"[19510, 19511, 19512, 19513]"
2005,toyota,celica,6.55,0.0050227054515163,"[20643, 20644, 20645, 20646]"
1998,toyota,corolla,6.34,0.0050826572445531,"[14263, 14264, 14265]"
1999,toyota,corolla,6.34,0.0048616721469639,"[15040, 15041, 15042]"
2000,toyota,corolla,6.34,0.0050826572445531,"[15843, 15844, 15845]"
2001,toyota,corolla,6.34,0.0050826572445531,"[16700, 16701, 16702]"
2002,toyota,corolla,6.34,0.0050826572445531,"[17629, 17630, 17631]"
2003,toyota,corolla,6.6,0.005061046714505,"[18604, 18605]"
2004,toyota,corolla,6.6,0.005061046714505,"[19675, 19676]"
2005,toyota,corolla,6.6,0.005061046714505,"[20796, 20797, 20798]"
2006,toyota,corolla,6.6,0.005061046714505,"[21881, 21882, 21883]"
2007,toyota,corolla,6.6,0.005061046714505,"[23548, 23549]"
2008,toyota,corolla,6.6,0.005061046714505,"[24320, 24321]"
2009,toyota,corolla,6.52,0.0047913798314846,"[25252, 25253, 25254, 25255]"
2012,toyota,corolla,6.52,0.0045997246382252,"[32181, 32182]"
2013,toyota,corolla,6.52,0.0045997246382252,"[32950, 32951]"
2021,toyota,corolla,6.52,0.004259004294653,"[42582, 42583, 42584, 42585, 42587, 42588, 42589, 42745, 42746, 42747, 43298, 43299]"
2022,toyota,corolla,6.52,0.004259004294653,"[44070, 44071, 44072, 44073, 44074, 44075, 44076, 44077, 44078, 44237, 44238, 44239, 44588, 44593]"
2000,toyota,echo,6.34,0.0055909229690084,"[15846, 15847]"
2001,toyota,echo,6.34,0.0055909229690084,"[16703, 16704]"
2002,toyota,echo,6.34,0.0055909229690084,"[17632, 17633]"
2003,toyota,echo,6.34,0.0055909229690084,"[18606, 18607]"
2004,toyota,echo,6.34,0.0055909229690084,"[19677, 19678]"
2005,toyota,echo,6.34,0.0055909229690084,"[20799, 20800]"
2004,toyota,matrix,7.75,0.0054674641021849,"[19897, 19898, 19899, 19900]"
2005,toyota,matrix,7.75,0.0054674641021849,"[21029, 21030, 21031, 21032]"
2006,toyota,matrix,7.75,0.0054674641021849,"[22123, 22124, 22125, 22126]"
2007,toyota,matrix,7.75,0.0054674641021849,"[23627, 23628]"
2008,toyota,matrix,7.75,0.0054674641021849,"[24443, 24444]"
2009,toyota,matrix,7.87,0.0053385784719845,"[25305, 25306, 25307, 25308, 25309]"
1998,toyota,paseo,6.0,0.005291094292437,"[14031, 14032, 14033, 14034]"
2001,toyota,prius,6.27,0.0044233548284773,[16705]
2002,toyota,prius,6.27,0.0044233548284773,[17634]
2003,toyota,prius,6.27,0.0044233548284773,[18608]
2004,toyota,prius,5.83,0.0039547538108856,[19813]
2005,toyota,prius,5.83,0.0039547538108856,[20934]
2006,toyota,prius,5.83,0.0039547538108856,[22016]
2007,toyota,prius,5.83,0.0039547538108856,[23599]
2008,toyota,prius,5.83,0.0039547538108856,[24882]
2009,toyota,prius,5.83,0.0039547538108856,[25987]
1998,toyota,supra,6.44,0.0039166261199189,"[14035, 14036, 14037]"
1998,toyota,tercel,6.26,0.0055203750451093,"[14151, 14152, 14153]"
1999,toyota,tercel,6.26,0.0055203750451093,"[14932, 14933, 14934]"
2007,toyota,yaris,6.13,0.0051483187321649,"[22749, 22750]"
2008,toyota,yaris,6.13,0.0051483187321649,"[24807, 24808]"
2009,toyota,yaris,6.13,0.0051483187321649,"[25893, 25894]"
1998,volkswagen,beetle,8.64,0.0060953406248874,"[14156, 14157, 14158, 14159]"
1999,volkswagen,beetle,8.64,0.0060953406248874,"[14937, 14938, 14939, 14940, 29174, 29175]"
2000,volkswagen,beetle,8.64,0.0058609044470072,"[15733, 15734, 15735, 15736, 15737, 15738]"
2001,volkswagen,beetle,8.64,0.0058609044470072,"[16564, 16565, 16566, 16567, 16568, 16569]"
2002,volkswagen,beetle,8.64,0.0058609044470072,"[17479, 17480, 17481, 17482, 17483, 17484, 17485]"
2003,volkswagen,beetle,8.64,0.0058609044470072,"[18388, 18389, 18451, 18452, 18453, 18454, 19304, 19305, 19306, 19307, 19308]"
2004,volkswagen,beetle,8.64,0.0058609044470072,"[19441, 19442, 19443, 19444, 19516, 19517, 19518, 19519, 19520, 19521, 19522]"
2005,volkswagen,beetle,8.64,0.0058609044470072,"[20580, 20581, 20582, 20583, 20651, 20652, 20653, 20654, 20655, 20656]"
2006,volkswagen,beetle,8.64,0.0056438339119328,"[21704, 21705, 21779, 21780, 21781, 21782]"
2007,volkswagen,beetle,8.64,0.0058609044470072,"[23118, 23119, 23158, 23159]"
2008,volkswagen,beetle,8.64,0.0058609044470072,"[24243, 24244, 24270, 24271]"
2009,volkswagen,beetle,8.64,0.0058609044470072,"[25220, 25221, 25233, 25234]"
1998,volkswagen,golf,6.89,0.0050632832881793,"[14266, 14267]"
1999,volkswagen,golf,6.89,0.0052834260398393,"[15043, 15044, 15053, 15054, 15055, 15056]"
2001,volkswagen,golf,6.89,0.0048607519566521,"[16706, 16707, 16708, 16709, 16710, 16711]"
2002,volkswagen,golf,6.89,0.0048607519566521,"[17635, 17636, 17637, 17638]"
2003,volkswagen,golf,6.89,0.0048607519566521,"[18609, 18610, 18611, 18612]"
1998,volkswagen,golf,7.43,0.0054601153601121,"[14266, 14267]"
1999,volkswagen,golf,7.43,0.005697511680117,"[15043, 15044, 15053, 15054, 15055, 15056]"
2001,volkswagen,golf,7.43,0.0052417107457076,"[16706, 16707, 16708, 16709, 16710, 16711]"
2002,volkswagen,golf,7.43,0.0052417107457076,"[17635, 17636, 17637, 17638]"
2003,volkswagen,golf,7.43,0.0052417107457076,"[18609, 18610, 18611, 18612]"
1998,volkswagen,jetta,6.31,0.004451573998037,"[14269, 14270, 14271, 14272, 14273]"
1999,volkswagen,jetta,6.31,0.004451573998037,"[15048, 15049, 15050, 15051, 15052, 15060, 15061, 15062, 15063, 15064, 15065]"
2000,volkswagen,jetta,6.54,0.0044363790605818,"[15859, 15860, 15861, 15862, 15863, 15864, 15865, 15866]"
2001,volkswagen,jetta,6.54,0.0044363790605818,"[16715, 16716, 16717, 16718, 16719, 16720, 16721, 16722, 16892, 16893, 16894, 16895]"
2002,volkswagen,jetta,6.54,0.0044363790605818,"[17644, 17645, 17646, 17647, 17648, 17649, 17650, 17651, 17652, 17653, 17825, 17826, 17827, 17828, 17829, 17830, 17831, 17832]"
2003,volkswagen,jetta,6.54,0.0044363790605818,"[18614, 18615, 18616, 18617, 18618, 18619, 18792, 18793, 18794, 18795, 19316, 19317, 19320, 19321]"
2004,volkswagen,jetta,6.54,0.0041194948419688,"[19686, 19687, 19688, 19689, 19690, 19691, 19692, 19693, 19903, 19904, 19905, 19906, 19907, 19908]"
2005,volkswagen,jetta,6.54,0.0044363790605818,"[20808, 20809, 20810, 20811, 20812, 20813, 20814, 21035, 21036, 21037, 21038, 21039, 21040, 21557, 21558, 21598, 21599]"
2006,volkswagen,jetta,7.02,0.0044218430872509,"[21892, 21893, 21894, 21895, 21896, 21897]"
2007,volkswagen,jetta,7.02,0.0042693657394147,"[22781, 22782, 23217, 23218]"
2008,volkswagen,jetta,7.02,0.0044218430872509,"[24028, 24323, 24324, 24325, 24445, 24446]"
2009,volkswagen,jetta,7.02,0.0042693657394147,"[25258, 25259, 25260, 25261, 25262, 25263, 25312, 25313, 25314, 25315, 25316, 25317]"
2000,volkswagen,jetta,6.74,0.0045720481450033,"[15859, 15860, 15861, 15862, 15863, 15864, 15865, 15866]"
2001,volkswagen,jetta,6.74,0.0045720481450033,"[16715, 16716, 16717, 16718, 16719, 16720, 16721, 16722, 16892, 16893, 16894, 16895]"
2002,volkswagen,jetta,6.74,0.0045720481450033,"[17644, 17645, 17646, 17647, 17648, 17649, 17650, 17651, 17652, 17653, 17825, 17826, 17827, 17828, 17829, 17830, 17831, 17832]"
2003,volkswagen,jetta,6.74,0.0045720481450033,"[18614, 18615, 18616, 18617, 18618, 18619, 18792, 18793, 18794, 18795, 19316, 19317, 19320, 19321]"
2004,volkswagen,jetta,6.74,0.004245473277503,"[19686, 19687, 19688, 19689, 19690, 19691, 19692, 19693, 19903, 19904, 19905, 19906, 19907, 19908]"
2005,volkswagen,jetta,6.74,0.0045720481450033,"[20808, 20809, 20810, 20811, 20812, 20813, 20814, 21035, 21036, 21037, 21038, 21039, 21040, 21557, 21558, 21598, 21599]"
2002,volkswagen,passat,6.2,0.0032161553542264,"[17654, 17762, 17763, 17764, 17765, 17859, 17860, 17861, 17862, 17863, 29220, 29222]"
2003,volkswagen,passat,6.2,0.0032161553542264,"[18620, 18621, 18715, 18716, 18717, 18718, 18825, 18826, 18827, 18828, 18829, 18830, 19318, 19331]"
2004,volkswagen,passat,6.2,0.0032161553542264,"[19694, 19695, 19696, 19697, 19698, 19814, 19815, 19816, 19817, 19938, 19939, 19940, 19941, 19942, 19943, 19944, 19945, 19946, 20443, 20445]"
2005,volkswagen,passat,6.2,0.003527396194958,"[20815, 20816, 20817, 20935, 20936, 20937, 20938, 20939, 21066, 21067, 21068, 21069, 21070, 21071, 21072, 21073]"
2006,volkswagen,passat,6.2,0.0032161553542264,"[22017, 22018, 22019, 22020]"
2007,volkswagen,passat,6.2,0.0032161553542264,"[22826, 22827, 22828, 22829, 22875, 22876, 22877, 23935]"
2008,volkswagen,passat,6.2,0.0032161553542264,"[24405, 24406, 24407, 24408, 24456, 24457, 24459]"
2009,volkswagen,passat,6.2,0.0034171650638656,"[25279, 25318]"
1998,volvo,c70,7.14,0.0043423463503448,"[14160, 14161, 14162, 14274, 14275, 14276]"
1999,volvo,c70,7.14,0.004197601472,"[14941, 14942, 14943, 15066, 15067, 15068]"
2000,volvo,c70,7.14,0.00393525138,"[15739, 15740, 15741, 15867, 15868, 15869]"
2003,volvo,c70,7.14,0.00393525138,"[18455, 18456, 18457, 19248]"
2004,volvo,c70,7.14,0.00393525138,"[19524, 19525, 19526, 20380]"
1998,volvo,v70,7.26,0.0040013900586555,"[14448, 14449, 14450, 14451, 14452, 14453, 14454]"
1999,volvo,v70,7.26,0.0042681493958992,"[15246, 15247, 15248, 15249, 15250, 15251, 15252]"
2000,volvo,v70,7.26,0.0042681493958992,"[16058, 16059, 16060, 16061, 16062, 16063, 16064]"
2001,volvo,v70,7.2,0.0040963310651125,"[16926, 16927, 16928, 16929, 16930, 16931, 16932, 17297]"
2002,volvo,v70,7.2,0.0040963310651125,"[17864, 17865, 17866, 17867, 17868, 17869, 18252]"
2003,volvo,v70,7.2,0.0040963310651125,"[18831, 18832, 18833, 18834, 18835, 18836]"
2004,volvo,v70,7.2,0.0040963310651125,"[19947, 19948, 19949, 19950, 19951, 19952, 19953, 19954]"
2005,volvo,v70,7.2,0.0039683207193277,"[21074, 21075, 21076, 21077, 21078, 21079, 21080, 21081]"
2006,volvo,v70,7.2,0.0039683207193277,"[22152, 22153, 22154, 22155, 22156, 22157, 22158, 22159, 22160]"
2007,volvo,v70,7.2,0.0039683207193277,"[23337, 23338, 23339, 23340, 23341, 23342, 23343, 23344, 23345]"
